path,labels
audio0001,मैले पानी पियो।
audio0002,उसले खाना खायो।
audio0003,म कलेज जान्छु।
audio0004,तपाईंलाई कस्तो छ?
audio0005,हामीलाई समय छैन।
audio0006,उसले पुस्तक पढ्यो।
audio0007,तपाईंले के गर्नु भयो?
audio0008,म घर जान चाहन्छु।
audio0009,उनीहरूले खेल खेलें।
audio0010,मैले नयाँ किताब किनें।
audio0011,तपाईं के गर्दै हुनुहुन्छ?
audio0012,म काम गर्न जाँदैछु।
audio0013,उसले गीत गाएको छ।
audio0014,तपाईलाई मनपर्ने रंग के हो?
audio0015,उनीहरूले मोजा लगाएका छन्।
audio0016,म नयाँ जुत्ता किन्दै छु।
audio0017,उसले चित्र बनाएको छ।
audio0018,तपाईलाई कस्तो खाजाको मन छ?
audio0019,म किताब पढ्दैछु।
audio0020,उनीहरुले नाचेको देखे।
audio0021,म केहि भन्न चाहन्छु।
audio0022,उसले मलाई सन्देश पठाएको छ।
audio0023,म स्कूल जान चाहन्छु।
audio0024,हामीसँग समय छैन।
audio0025,उसले मलाई मद्दत गर्यो।
audio0026,म लंचमा जाँदैछु।
audio0027,उनीहरूले मलाई विश्वास गरेका छन्।
audio0028,तपाईले के काम गर्नुभएको छ?
audio0029,म त्यसको बारेमा जान्न चाहन्छु।
audio0030,म रमाइलो गर्दैछु।
audio0031,उसले मलाई टेलिफोन गरेको छ।
audio0032,हामी आफ्नो परिवारसँग बस्छौं।
audio0033,म नयाँ गीत सिक्दैछु।
audio0034,उहाँले मलाई मद्दत गर्नुभएको छ।
audio0035,उनीहरूले त्यो कुरा भने।
audio0036,तपाईको मनपर्ने खेल के हो?
audio0037,म आज साँझ बाहिर जान्छु।
audio0038,उनीहरूले मसँग कुरा गरे।
audio0039,उसले मसँग उपहार पठाएको छ।
audio0040,म कफी पिउँदैछु।
audio0041,हामीले नयाँ योजना बनाएका छौं।
audio0042,उहाँले मलाई राम्रो प्रतिक्रिया दिएका छन्।
audio0043,म तपाईंलाई सम्झन्छु।
audio0044,उनीहरूले मसँग गप गर्दै छन्।
audio0045,म अर्को हप्ता यात्रा गर्नेछु।
audio0046,मैले नयाँ चलचित्र हेरेँ।
audio0047,हामीको कार्यक्रम आगामी शनिबार हो।
audio0048,म माछा पकाउने छु।
audio0049,मैले नया स्मार्टफोन किनें।
audio0050,तपाईलाई के मनपर्छ?
audio0051,हामी एकसाथ खाना खानेछौं।
audio0052,उसले मलाई लेख पठायो।
audio0053,म नयाँ अध्ययन विधि अपनाउँछु।
audio0054,उनीहरूले मलाई उपहार दिएका छन्।
audio0055,हामी एकसाथ यात्रा जानेछौं।
audio0056,मैले पुस्तक पढेर समय बिताएँ।
audio0057,तपाईले कस्तो खाना बनाउनुभयो?
audio0058,मैले नयाँ साथी बनाएको छु।
audio0059,म कलर पेनसँग चित्र बनाउँदैछु।
audio0060,उसले मलाई धोका दिएको छ।
audio0061,म लामो समयपछि घर फर्केको छु।
audio0062,उनले मसँग साँचो बताएको छ।
audio0063,म संगीत सुन्दैछु।
audio0064,तपाईंलाई कुन चलचित्र मन पर्छ?
audio0065,म विभिन्न पुस्तकहरू पढ्ने गर्छु।
audio0066,उनिहरूले मलाई सिकाएका छन्।
audio0067,मैले दुई घण्टा काम गरे।
audio0068,तपाईंले आज के खाएको छ?
audio0069,हामीसँग दुई कुकुर छन्।
audio0070,मैले नयाँ खेलको अभ्यास गरेको छु।
audio0071,म घरमै बस्छु।
audio0072,उनीहरूले मलाई नयाँ कुरा सिकाए।
audio0073,म ताजा फलहरू खाएको छु।
audio0074,तपाईंले कहाँ जानुभयो?
audio0075,म नेपाली भाषा सिक्दैछु।
audio0076,उनले मलाई पुस्तक दिनुभएको छ।
audio0077,म बाहिर जाँदैछु।
audio0078,मैले फिल्म हेरेर मजा लिएको छु।
audio0079,उनीहरूले मलाई सम्मान दिएका छन्।
audio0080,म आज आफ्ना साथीलाई भेट्नेछु।
audio0081,हामी एकसाथ योजना बनाउँदैछौं।
audio0082,मैले उसलाई मद्दत गरेको छु।
audio0083,म नया प्रोजेक्ट सुरू गर्नेछु।
audio0084,तपाईंलाई यो कस्तो लाग्छ?
audio0085,म आफैंलाई राम्रो महसूस गर्दैछु।
audio0086,उसले मलाई विश्वास दिलाएको छ।
audio0087,म अगाडिको यात्रा तयारी गर्दैछु।
audio0088,हामी हर्षित छौं।
audio0089,उसले मलाई मिठो कुरा भने।
audio0090,म नयाँ चश्मा किन्नेछु।
audio0091,उनले मलाई त्यो कुरा सिकाएका छन्।
audio0092,म त्यो कुरा गर्न चाहन्छु।
audio0093,तपाईंको विचार के हो?
audio0094,म ती किताबहरू पढ्न चाहन्छु।
audio0095,मैले नयाँ सीप सिकेको छु।
audio0096,हामी सँगै समय बिताउँछौं।
audio0097,म कस्तो देखिन्छु?
audio0098,उनले मलाई केही भने।
audio0099,म यहाँ अध्ययन गर्दैछु।
audio0100,तपाईंलाई मद्दत चाहिए भने भन्नुहोस्।
audio0101,मैले नयाँ कार किनें।
audio0102,उसले मलाई मिठो चिया दिए।
audio0103,म पार्क जान चाहन्छु।
audio0104,तपाईंले कस्तो फिल्म मनपर्छ?
audio0105,मैले बिभिन्न स्थानमा यात्रा गरेको छु।
audio0106,म चाँडै फर्कनेछु।
audio0107,उनीहरूले मलाई सम्मान दिएका छन्।
audio0108,म आफ्नो भविष्य बारे सोचिरहेको छु।
audio0109,उसले मलाई मद्दत गरेको छ।
audio0110,म नयाँ सीप सिक्दैछु।
audio0111,हामी छुट्टीमा जाँदैछौं।
audio0112,म खेल खेल्न जान चाहन्छु।
audio0113,उनले मलाई आफ्नो घर देखायो।
audio0114,तपाईंको यात्रा कस्तो रह्यो?
audio0115,म रमाइलो गर्दैछु।
audio0116,तपाईंले मलाई देख्नुभयो?
audio0117,म बिचार गर्दैछु।
audio0118,तपाईंलाई यात्रा मनपर्छ?
audio0119,म लन्चका लागि बाहिर जान्छु।
audio0120,उहाँले मलाई किताब दिए।
audio0121,म फिल्म हेर्न जाँदैछु।
audio0122,उसले मलाई नयाँ कुरा सिकायो।
audio0123,म गार्डनमा काम गर्दैछु।
audio0124,उनले मसँग भविष्यको योजना बारे कुरा गरे।
audio0125,म आज साँझ बाहिर जान चाहन्छु।
audio0126,तपाईंलाई कस्तो संगीत मनपर्छ?
audio0127,म साँझ पार्टीमा जान्छु।
audio0128,हामीले नयाँ योजना बनाएका छौं।
audio0129,उसले मलाई भन्न चाह्यो।
audio0130,म नयाँ अध्ययन विधि अपनाउँछु।
audio0131,म उही स्थानमा फिर्ता जानेछु।
audio0132,उनले मलाई केही समय अघि भेटेका थिए।
audio0133,तपाईंलाई के मनपर्छ?
audio0134,म व्यस्त छु।
audio0135,उनले मसँग आफ्नो अनुभव बाँडे।
audio0136,म नयाँ गेम खेल्न चाहन्छु।
audio0137,तपाईंले मलाई मद्दत गर्नुभयो।
audio0138,म भविष्यमा धेरै गर्न चाहन्छु।
audio0139,म तपाईलाई धन्यवाद दिन चाहन्छु।
audio0140,उसले मलाई उपहार दिएको छ।
audio0141,म सबैसँग भेट्न चाहन्छु।
audio0142,म एक्लै जान चाहन्छु।
audio0143,तपाईं कस्तो काम गर्दै हुनुहुन्छ?
audio0144,मैले विद्यालयको काम समाप्त गरेको छु।
audio0145,उनीहरूले मलाई धेरै सहयोग गरे।
audio0146,म किताबको बारेमा सोच्दैछु।
audio0147,म रमाइलो गर्दै छु।
audio0148,तपाईंलाई कुन मौसम मनपर्छ?
audio0149,मैले सस्तो समान किन्ने निर्णय गरें।
audio0150,म केही नयाँ गर्न चाहन्छु।
audio0151,हामी एक साथ काम गर्दैछौं।
audio0152,उसले मलाई केही बताउन चाहन्छ।
audio0153,म केहि नयाँ कुरा सिक्न चाहन्छु।
audio0154,तपाईंलाई पुस्तकहरूको बारेमा के थाहा छ?
audio0155,मैले फोनको लागि नयाँ कभर किनें।
audio0156,म धेरै मेहनत गर्दैछु।
audio0157,म फिल्म हेर्न जाँदैछु।
audio0158,तपाईंको घर कहाँ छ?
audio0159,मैले मलाई मनपर्ने खेल खेले।
audio0160,म समय बचाउन प्रयास गर्दैछु।
audio0161,म कफी पिउँदैछु।
audio0162,हामी सबैले एक साथ काम गर्न सक्छौं।
audio0163,म पुस्तक पढ्न चाहन्छु।
audio0164,उहाँले मलाई नयाँ योजना सुनाएका छन्।
audio0165,मैले नयाँ मोबाइल फोन किनें।
audio0166,म सँगै समय बिताउन चाहन्छु।
audio0167,तपाईंलाई के मनपर्छ?
audio0168,म साथीहरूको साथ बाहिर जाउँछु।
audio0169,मैले नयाँ कार्य पूरा गरेको छु।
audio0170,म बास्केटबल खेल्न जान चाहन्छु।
audio0171,उनीहरूले मलाई नया पाठ सिकायो।
audio0172,म हर्षित छु।
audio0173,म कुनै समस्या छ भने भन्नुहोस्।
audio0174,हामीसँग समय थोरै छ।
audio0175,म तपाईसँग कुरा गर्न चाहन्छु।
audio0176,म त्यहाँ जान चाहन्छु।
audio0177,तपाईंको गन्तव्य के हो?
audio0178,मैले नयाँ किताब पढे।
audio0179,म विद्यालयको काम गर्दैछु।
audio0180,उसले मलाई चित्र बनाउने तरिका देखायो।
audio0181,म त्यहाँ जाने योजना बनाउँछु।
audio0182,तपाईलाई के मनपर्छ?
audio0183,म नयाँ स्थानहरू देख्न चाहन्छु।
audio0184,मैले सोधेको प्रश्नको उत्तर दिनुहोस्।
audio0185,हामीले हर्षित भइ एकसाथ समय बितायौं।
audio0186,मैले नयाँ मित्र बनाएको छु।
audio0187,म साँझमा बाहिर जान चाहन्छु।
audio0188,मैले सबै काम समाप्त गरेको छु।
audio0189,म त्यहाँ जानको लागि तयारी गर्दैछु।
audio0190,तपाईको विचार के हो?
audio0191,मैले नयाँ ट्रिपको योजना बनाएको छु।
audio0192,म तपाईंलाई मद्दत गर्नेछु।
audio0193,म केही नयाँ सिक्दै छु।
audio0194,उनिहरूले मलाई बिर्सेका छन्।
audio0195,म क्यान्सरको बारेमा सोच्दै छु।
audio0196,म जिम जान चाहन्छु।
audio0197,उनले मसँग माफी मागेको छ।
audio0198,म आफैंलाई हर्षित महसुस गर्दैछु।
audio0199,तपाईंले कुन कुरा मन पराउनुहुन्छ?
audio0200,म नयाँ अनुभव प्राप्त गर्न चाहन्छु।
audio0201,मैले नयाँ योजना बनाएको छु।
audio0202,म लंचमा जान चाहन्छु।
audio0203,उसले मलाई नयाँ कुरा बतायो।
audio0204,म चाँडै फर्कनेछु।
audio0205,हामी सबैसँग समय छ।
audio0206,म कुनै नयाँ अनुभव गर्न चाहन्छु।
audio0207,तपाईंको विचार के हो?
audio0208,मैले त्यो कुरा नगरेको छु।
audio0209,म गार्डनमा काम गर्दैछु।
audio0210,उनीहरूले मलाई विभिन्न विचार दिएका छन्।
audio0211,म हर्षित छु।
audio0212,म काममा व्यस्त छु।
audio0213,तपाईंलाई कसरी मद्दत गर्न सक्छु?
audio0214,म तपाईंलाई सम्पर्क गर्नेछु।
audio0215,मैले नयाँ मोबाइल किन्नको लागि योजना बनाएको छु।
audio0216,उनीहरूले मसँग असहमत छन्।
audio0217,म राम्रो अनुभूति गर्दैछु।
audio0218,तपाईंको विचारमा यो कस्तो छ?
audio0219,मैले आफूलाई सुधार्ने प्रयास गर्दैछु।
audio0220,म तपाईंलाई भेट्न चाहन्छु।
audio0221,मैले आफ्नो सपना पुरा गरेको छु।
audio0222,हामी एकसाथ काम गर्दैछौं।
audio0223,तपाईंलाई के चाहिन्छ?
audio0224,म त्यो पुस्तक पढ्न चाहन्छु।
audio0225,उनले मलाई उपहार दिएको छ।
audio0226,म बिहानको लागि तयार छु।
audio0227,म गाडी चलाउन जान्छु।
audio0228,उनीहरूले मलाई राम्रो सुझाव दिएका छन्।
audio0229,म काठमाडौ जाने तयारी गर्दैछु।
audio0230,मैले नयाँ फिल्म हेरे।
audio0231,हामी सबै एकसाथ समय बिताउँछौं।
audio0232,उसले मलाई सन्देश पठायो।
audio0233,म सोध्न चाहन्छु।
audio0234,हामी एकअर्कासँग कुरा गर्दै छौं।
audio0235,म बाहिर जान चाहन्छु।
audio0236,हामी संगै समय बिताउँछौं।
audio0237,म कस्तो देखिन्छु?
audio0238,उनीहरूले मसँग गुनासो गरेका छन्।
audio0239,मैले राम्रोसँग काम गरेको छु।
audio0240,तपाईंलाई कस्तो संगीत मनपर्छ?
audio0242,उनले मलाई कस्तो कुरा भन्यो?
audio0243,म पढ्नमा ध्यान दिइरहेको छु।
audio0244,तपाईंको मनपर्ने विषय के हो?
audio0245,म एक्लै यात्रा गर्न चाहन्छु।
audio0246,उनीहरूले मलाई आश्वासन दिएका छन्।
audio0247,मैले आफ्नो समयलाई राम्रोसँग प्रयोग गरेको छु।
audio0248,म त्यो काम समाप्त गरेको छु।
audio0249,हामी एकसाथ पार्टी गर्न जाँदैछौं।
audio0250,म केहि नयाँ गर्न चाहन्छु।
audio0251,तपाईको विचारमा यो राम्रो छ?
audio0252,म त्यहाँ जान चाहन्छु।
audio0253,मैले अध्ययनको लागि समय निकालें।
audio0254,म हर्षित छु।
audio0255,उनले मलाई नयाँ कुरा सिकायो।
audio0256,म समयलाई राम्रोसँग प्रयोग गर्दैछु।
audio0257,तपाईंलाई कस्तो खाना मनपर्छ?
audio0258,म नयाँ मित्र बनाउन चाहन्छु।
audio0259,उनीहरूले मलाई राम्रो प्रतिक्रिया दिएका छन्।
audio0260,म आफूलाई तयार गर्दैछु।
audio0261,मैले उसलाई मद्दत गरेको छु।
audio0262,म धेरै व्यस्त छु।
audio0263,तपाईंलाई के गर्नुहुन्छ?
audio0264,म नयाँ सीप सिक्ने प्रयास गर्दैछु।
audio0265,मैले कक्षामा धेरै कुरा सिकेको छु।
audio0266,म तपाईंलाई धन्यवाद दिन चाहन्छु।
audio0267,मैले बाहिर जान चाहेको छु।
audio0268,उसले मलाई नयाँ पुस्तक पढ्न सुझायो।
audio0269,म यो काम चाँडै समाप्त गर्नेछु।
audio0270,तपाईंलाई के काम मनपर्छ?
audio0271,मैले आफ्नो योजना तयार गरेको छु।
audio0272,म आज राति बाहिर जान्छु।
audio0273,उहाँले मलाई नयाँ विचार दिएका छन्।
audio0274,म त्यो कुरा सही ठान्दछु।
audio0275,हामीले राम्रोसँग काम गरेका छौं।
audio0276,म नयाँ खेलको अभ्यास गर्दैछु।
audio0277,तपाईंलाई के मनपर्छ?
audio0278,म साथीलाई भेट्न जान चाहन्छु।
audio0279,मैले त्यहाँ जाने निर्णय गरेको छु।
audio0280,म चाँडै त्यसको बारेमा सोच्नेछु।
audio0281,हामीले बिभिन्न योजनाहरू बनाएका छौं।
audio0282,म तपाईसँग कुरा गर्न चाहन्छु।
audio0283,म नयाँ विचार पाउन चाहन्छु।
audio0284,मैले आफ्नो सपना पूरा गर्नको लागि प्रयास गर्दैछु।
audio0285,म गाडी चलाउने तयारी गर्दैछु।
audio0286,तपाईले मलाई नयाँ विचार दिए।
audio0287,म त्यो कुरा साँचो ठान्दछु।
audio0288,म सबैको साथ समय बिताउँछु।
audio0289,म कसम गर्न चाहन्छु।
audio0290,म तपाईंलाई मदद गर्ने प्रयास गर्नेछु।
audio0291,मैले त्यहाँ जाने योजना बनाएको छु।
audio0292,म पुस्तक पढ्न चाहन्छु।
audio0293,म भविष्यमा नयाँ कुरा गर्न चाहन्छु।
audio0294,मैले फिल्म हेरेर रमाइलो गरे।
audio0295,तपाईंको विचारमा यो ठीक छ?
audio0296,म त्यो काम गर्न चाहन्छु।
audio0297,मैले विद्यालयको काम पूरा गरेको छु।
audio0298,म त्यसको बारेमा सोच्दैछु।
audio0299,तपाईंले मसँग कुरा गर्नुभयो।
audio0300,म आज अफिस जान चाहन्छु।
audio0301,नेपाल हिमालहरूको देश हो।
audio0302,काठमाडौं नेपालको राजधानी हो।
audio0303,नेपालमा आठ हजार मिटरभन्दा अग्ला हिमालहरू छन्।
audio0304,यहाँको संस्कृति विविधताले भरिपूर्ण छ।
audio0305,नेपालमा सयौं जातजाति र भाषाहरू छन्।
audio0306,पर्यटकहरू पोखरा घुम्न धेरै मन पराउँछन्।
audio0307,लुम्बिनी भगवान बुद्धको जन्मस्थल हो।
audio0308,नेपाल प्राकृतिक सौन्दर्यले भरिएको देश हो।
audio0309,यहाँका धार्मिक स्थलहरू विश्व प्रसिद्ध छन्।
audio0310,नेपालीहरू अतिथि सत्कारमा प्रसिद्ध छन्।
audio0311,प्रकृतिको सुन्दरता कुनै पनि चित्रकारले कोर्न सक्दैन।
audio0312,असली सौन्दर्य मनको सफाइमा हुन्छ।
audio0313,फूलहरूको सुगन्धले वातावरण सुन्दर बनाउँछ।
audio0314,मुस्कान सौन्दर्यको सबैभन्दा ठूलो गहना हो।
audio0315,आत्मविश्वास व्यक्तित्वको सुन्दरता बढाउँछ।
audio0316,आकाशको निलो रंग हेर्दा मन शान्त हुन्छ।
audio0317,कला र संगीत सौन्दर्यको अभिव्यक्ति हो।
audio0318,प्रेम सौन्दर्यको अर्को रूप हो।
audio0319,हिमालहरूको शृंखला अनुपम सौन्दर्य हो।
audio0320,सादा जीवन पनि सुन्दर हुन सक्छ।
audio0321,राजनीति जनताको सेवाका लागि हुनुपर्छ।
audio0322,इमानदार नेताले राष्ट्रको विकास गर्छ।
audio0323,लोकतन्त्रमा जनताको मत नै मुख्य हुन्छ।
audio0324,सही निर्णयले देशलाई समृद्ध बनाउन सक्छ।
audio0325,भ्रष्टाचारले राष्ट्रलाई कमजोर बनाउँछ।
audio0326,सशक्त नेतृत्व विकासको आधार हो।
audio0327,कानुनी शासन बिना शान्ति सम्भव छैन।
audio0328,चुनाव निष्पक्ष र स्वतन्त्र हुनुपर्छ।
audio0329,प्रत्येक नागरिकको मत महत्त्वपूर्ण छ।
audio0330,युवाहरूले राजनीति बुझ्न आवश्यक छ।
audio0331,क्रिकेट नेपालमा लोकप्रिय खेल हो।
audio0332,फुटबल विश्वको सबैभन्दा धेरै खेलिने खेल हो।
audio0333,खेलकुदले स्वास्थ्य राम्रो राख्छ।
audio0334,अन्तर्राष्ट्रिय खेल प्रतियोगिताले देशको गरिमा बढाउँछ।
audio0335,खेलाडीहरू अनुशासन र परिश्रमका प्रतीक हुन्।
audio0336,म्याराथन धावकहरू असाधारण सहनशीलता देखाउँछन्।
audio0337,नेपालले साग खेलहरूमा राम्रो प्रदर्शन गर्छ।
audio0338,चेस मानसिक तन्दुरुस्तीका लागि राम्रो खेल हो।
audio0339,कराँते आत्मरक्षा गर्न सिकाउँछ।
audio0340,भलिबल नेपालमा लोकप्रिय खेल हो।
audio0341,वनस्पतिहरू वातावरणको सन्तुलन कायम राख्छन्।
audio0342,सफा हावाले स्वास्थ्य राम्रो बनाउँछ।
audio0343,नदीहरू हाम्रो जीवनका आधार हुन्।
audio0344,सूर्यको प्रकाश बिना जीवन सम्भव छैन।
audio0345,चन्द्रमाले रातलाई सुन्दर बनाउँछ।
audio0346,जंगलमा धेरै प्रकारका जीवजन्तु पाइन्छन्।
audio0347,वर्षा भएन भने जमिन सुख्खा हुन्छ।
audio0348,हिमालहरू पानीको स्रोत हुन्।
audio0349,हरियाली वातावरण सुन्दर बनाउँछ।
audio0350,वातावरण संरक्षण हाम्रो कर्तव्य हो।
audio0351,नेपाल सुन्दर देश हो।
audio0352,सगरमाथा संसारकै अग्लो छ।
audio0353,नेपालमा धेरै भाषा छन्।
audio0354,लुम्बिनी बुद्धको जन्मस्थल हो।
audio0355,पोखरा सुन्दर शहर हो।
audio0356,नेपाल कृषिप्रधान देश हो।
audio0357,पशुपतिनाथ प्रसिद्ध मन्दिर हो।
audio0358,नेपालका झरनाहरू मनमोहक छन्।
audio0359,भक्तपुर कलाको शहर हो।
audio0360,नेपाली धानको भात मन पराउँछन्।
audio0361,मुस्कान नै असली सुन्दरता हो।
audio0362,हिमालहरूको सौन्दर्य अनुपम छ।
audio0363,सूर्यास्तको दृश्य मनमोहक हुन्छ।
audio0364,आत्मविश्वास सुन्दरता हो।
audio0365,प्रकृति स्वच्छ राखौं।
audio0366,बादलहरूले आकाशलाई सुन्दर बनाउँछन्।
audio0367,संगीत आत्माको सौन्दर्य हो।
audio0368,फूलहरू सुगन्धित हुन्छन्।
audio0369,स्वच्छ मन नै सुन्दरता हो।
audio0370,राम्रो व्यवहार नै सुन्दरता हो।
audio0371,लोकतन्त्र सबभन्दा राम्रो शासन हो।
audio0372,राजनीति जनताको लागि हो।
audio0373,नेता इमानदार हुनुपर्छ।
audio0374,चुनाव निष्पक्ष हुनुपर्छ।
audio0375,भ्रष्टाचारले देश बिगार्छ।
audio0376,सबै नागरिकले मतदान गर्नुपर्छ।
audio0377,शिक्षा राम्रो शासनको आधार हो।
audio0378,कानुन पालना अनिवार्य छ।
audio0379,युवा राजनीतिमा आउनुपर्छ।
audio0380,नेतृत्व इमानदार हुनुपर्छ।
audio0381,क्रिकेट नेपालमा लोकप्रिय छ।
audio0382,फुटबल रमाइलो खेल हो।
audio0383,खेलकुद स्वास्थ्यको लागि राम्रो हो।
audio0384,व्यायामले शरीर तन्दुरुस्त हुन्छ।
audio0385,अन्तर्राष्ट्रिय खेलाडीहरू प्रेरणा हुन्।
audio0386,चेस मानसिक खेल हो।
audio0387,दौड स्वास्थ्यका लागि लाभदायक छ।
audio0388,भलिबल रमाइलो खेल हो।
audio0389,गोल गर्न खुसी लाग्छ।
audio0390,अभ्यासले खेल राम्रो बनाउँछ।
audio0391,हरियालीले मन शान्त बनाउँछ।
audio0392,पानी जीवनको आधार हो।
audio0393,सूर्य बिना जीवन सम्भव छैन।
audio0394,नदीहरू सफा राखौं।
audio0395,चन्द्रमाले रात सुन्दर बनाउँछ।
audio0396,हिमालहरू नेपालका गहना हुन्।
audio0397,हावा बिना जीवन सम्भव छैन।
audio0398,रूखहरूले छायाँ दिन्छन्।
audio0399,वातावरण संरक्षण गरौं।
audio0400,सफा पानी पिउनुपर्छ।
audio0401,परिवार नै पहिलो विद्यालय हो।
audio0402,आमा सबभन्दा प्रिय हुन्छिन्।
audio0403,बाबु मार्गदर्शक हुन्।
audio0404,दिदी बहिनीको मायालु सम्बन्ध हुन्छ।
audio0405,दाजु भाइ असल साथी हुन्।
audio0406,हरेक परिवार मिलेर बस्नुपर्छ।
audio0407,घरमा खुसी वातावरण आवश्यक छ।
audio0408,बच्चाहरूको राम्रो शिक्षा दिनुपर्छ।
audio0409,वृद्ध आमाबाबुलाई सम्मान गर्नुपर्छ।
audio0410,सानो परिवार सुखी परिवार।
audio0411,शिक्षा उज्यालो भविष्यको आधार हो।
audio0412,ज्ञान शक्ति हो।
audio0413,पढाइ जीवनको लागि आवश्यक छ।
audio0414,किताबहरू ज्ञानको स्रोत हुन्।
audio0415,विद्यालय सिकाइको ठाउँ हो।
audio0416,राम्रो शिक्षक मार्गदर्शक हुन्छ।
audio0417,प्रत्येक बालबालिकाले पढ्नुपर्छ।
audio0418,परिश्रमले सफलता ल्याउँछ।
audio0419,आत्मअनुशासन सफलताको चाबी हो।
audio0420,शिक्षाले समाज बदल्छ।
audio0421,पानी प्रशस्त पिउनुपर्छ।
audio0422,स्वस्थ आहार खानुपर्छ।
audio0423,दैनिक व्यायाम गर्नुपर्छ।
audio0424,राम्रो निद्रा आवश्यक छ।
audio0425,तनाव कम गर्न ध्यान गर्नुहोस्।
audio0426,सफा खाना खाऔं।
audio0427,नशा स्वास्थ्यका लागि हानिकारक छ।
audio0428,स्वस्थ रहन सकारात्मक सोच राखौं।
audio0429,सन्तुलित आहार खानुपर्छ।
audio0430,सफा वातावरणले स्वास्थ्य राम्रो हुन्छ।
audio0431,फिल्म मनोरञ्जनको राम्रो माध्यम हो।
audio0432,संगीतले मन शान्त बनाउँछ।
audio0433,नाच्दा आनन्द आउँछ।
audio0434,हास्नु स्वास्थ्यका लागि राम्रो हो।
audio0435,किताब पढ्न रमाइलो लाग्छ।
audio0436,साथीहरूसँग घुम्न जान रमाइलो हुन्छ।
audio0437,रमाइलो कथा सुन्दा मजा आउँछ।
audio0438,खेलकुद मनोरञ्जन पनि हो।
audio0439,रेडियो सुन्न रमाइलो हुन्छ।
audio0440,फिल्म हेरिरहनु रमाइलो लाग्छ।
audio0441,यात्रा ज्ञान बढाउने साधन हो।
audio0442,नयाँ ठाउँ घुम्न रमाइलो हुन्छ।
audio0443,यात्रा अनुभव बढाउँछ।
audio0444,नेपाल पर्यटनको राम्रो गन्तव्य हो।
audio0445,हिमालहरू हेर्न पर्यटक आउँछन्।
audio0446,राम्रो योजना बिना यात्रा कठिन हुन्छ।
audio0447,यात्रा गर्दा फोटोग्राफी गर्न रमाइलो लाग्छ।
audio0448,नयाँ संस्कृति सिक्न पाइन्छ।
audio0449,यात्राले नयाँ मित्रता बनाउँछ।
audio0450,सुरक्षित यात्रा गर्नुपर्छ।
audio0451,समाज मिलेर बनाउने हो।
audio0452,सबैलाई सम्मान गर्नुपर्छ।
audio0453,सहयोगी मनुष्य असल हुन्छ।
audio0454,असहायको सेवा पुण्य हो।
audio0455,समाजमा समानता हुनुपर्छ।
audio0456,नारीहरू सम्मान गर्नुपर्छ।
audio0457,बालश्रम रोक्नुपर्छ।
audio0458,मानवअधिकार सबैका लागि हो।
audio0459,जातीय भेदभाव हटाउनुपर्छ।
audio0460,एकता नै बल हो।
audio0461,परिश्रम नै सफलता हो।
audio0462,असफलता नै सिकाइ हो।
audio0463,दृढ संकल्प राख्नुपर्छ।
audio0464,लक्ष्य बिना सफलता आउँदैन।
audio0465,धैर्य सफलता ल्याउँछ।
audio0466,सकारात्मक सोच राखौं।
audio0467,निरन्तर प्रयास आवश्यक छ।
audio0468,आशावादी बनौं।
audio0469,आत्मविश्वास बढाऔं।
audio0470,समयको सही उपयोग गरौं।
audio0471,प्रेम शुद्ध भाव हो।
audio0472,विश्वास प्रेमको आधार हो।
audio0473,प्रेम मनबाट गरिन्छ।
audio0474,प्रेमले संसार सुन्दर बनाउँछ।
audio0475,प्रेम धैर्य हुनुपर्छ।
audio0476,साँचो प्रेम कहिल्यै टुट्दैन।
audio0477,प्रेम त्याग पनि हो।
audio0478,प्रेम जीवनको सुगन्ध हो।
audio0479,प्रेममा स्वार्थ हुँदैन।
audio0480,प्रेम जीवनको मिठास हो।
audio0481,प्रविधिले जीवन सजिलो बनाएको छ।
audio0482,मोबाइल अहिले सबैसँग छ।
audio0483,इन्टरनेट ज्ञानको खानी हो।
audio0484,प्रविधि विकासले समाज अगाडि बढ्छ।
audio0485,रोबोटले काम सहज बनाउँछ।
audio0486,कम्प्युटर जीवनको अभिन्न अंश हो।
audio0487,सफ्टवेयर विकास तीव्र गतिमा छ।
audio0488,कृत्रिम बुद्धिमत्ता लोकप्रिय बन्दैछ।
audio0489,प्रविधि बिना आधुनिक जीवन कठिन छ।
audio0490,डिजिटल शिक्षा भविष्यको आवश्यकता हो।
audio0491,सफलता परिश्रमले सम्भव छ।
audio0492,सपना देख्न छोड्नु हुँदैन।
audio0493,समयको सही उपयोग गर्नुहोस्।
audio0494,धैर्यले ठूलो उपलब्धि दिन्छ।
audio0495,परिवर्तन आवश्यक छ।
audio0496,प्रकृतिको संरक्षण गरौं।
audio0497,मुस्कान दिनु सबैभन्दा राम्रो उपहार हो।
audio0498,असल मित्र जीवनको धन हो।
audio0499,नयाँ कुरा सिक्नु महत्त्वपूर्ण छ।
audio0500,आत्मनिर्भर बनौं।
audio0501,गाउँको बीचमा रहेको ठूलो पीपलको रूखले वर्षौँदेखि अनेकौँ रहस्य लुकाइरहेको थियो।
audio0502,"उनका बाबु रामकृष्ण गाउँकै सम्मानित व्यक्ति थिए, जो सधैं न्यायको पक्षमा उभिन्थे।"
audio0503,"एकदिन गाउँमा ठूलो चोरी भयो, जसमा साहुजीको घरबाट सुनका गहना र नगद हराए।"
audio0504,केही व्यक्तिले प्रमाणबिना नै गाउँका गरिब युवक भीमलाई दोषी ठहराए।
audio0505,गाउँका प्रभावशाली व्यक्तिहरूले जबरजस्ती उनलाई दोषी बनाउँदै प्रहरीको जिम्मा लगाए।
audio0506,"त्यस रात उनी पीपलको रूखमुनि बसेर सोचिरहेका थिए, अचानक त्यहाँबाट गफ गर्दै जाने दुई मान्छेको कुरा सुने।"
audio0507,ती दुई चोरीको योजना सफल भएकोमा खुसी हुँदै कुरा गरिरहेका थिए।
audio0508,"उनले सिधै बाबुसँग कुरा गरे, जसपछि बाबु रामकृष्णले गाउँका सबैलाई बोलाएर खुला सभा राखे र प्रमाण खोज्न लगाए।"
audio0509,"जब अरुणले आफूले सुनेको कुरा खुलासा गरे, गाउँलेहरू अचम्ममा परे।"
audio0510,अन्ततः प्रहरी बोलाइयो र हरिहर काका तथा रमेशकुमार पक्राउ परे।
audio0511,सत्यको जीतसँगै अरुणले बाबुको न्यायप्रियताको उदाहरण पछ्याउँदै सधैं सत्यको बाटो रोज्ने प्रण गरे।
audio0512,"पीपलको रूखले सत्यको विजय हेर्दै शान्तसँग पात हल्लाइरहेको थियो, मानौं उसले पनि न्यायको पक्ष लिएको थियो।"
audio0513,"काठमाडौंको एक सानो गाउँमा, एक युवक नामको दिपेश आफ्नो भविष्यका लागि संघर्ष गरिरहेको थियो।"
audio0514,उसका अभिभावक यशोदा र रामजीव सधैं मेहनत गरेर आफ्नो परिवारको पालनपोषण गर्थे।
audio0515,दिपेशले सधैं शिक्षा र मेहनतमा विश्वास राख्दै राम्रो काम गर्ने सपना देखेको थियो।
audio0516,"उनले विद्यालयमा अध्ययन गर्दा समय समयमा साथीहरूका साथ क्रिकेट खेल्ने गर्थे, जसले उनलाई थोरै तनावबाट मुक्त गराइदिने गरेको थियो।"
audio0517,"एक दिन, गाउंमा एउटा ठूलो समारोहको आयोजना गरियो, जहाँ विद्यार्थीहरूलाई विभिन्न पुरस्कार र सम्मान दिइयो।"
audio0518,दिपेशको मेहनत र उत्कृष्टता का कारण उसलाई पनि सम्मानित गरियो।
audio0519,"यशोदा र रामजीव गर्वित थिए, र उनका लागि त्यो क्षण अविस्मरणीय थियो।"
audio0520,"दिपेशको मनमा केही थप्ने चासो थियो, र उनले भने, ""अब मैले मेरो भविष्य निर्धारण गर्ने समय आएको छ।"""
audio0521,"त्यसपछि दिपेशले काठमाडौं जानको निर्णय लियो, र वहाँको एउटा प्रतिष्ठित विश्वविद्यालयमा आवेदन दियो।"
audio0522,"उसका अभिभावक र साथीहरू उसको हिम्मतको कदर गर्दै, उनलाई आगामी यात्रामा सफलताको शुभकामना दिए।"
audio0523,"काठमाडौं आएपछि, दिपेशले विश्वविद्यालयको पढाइ र नयाँ वातावरणमा समायोजन गर्न थाल्यो।"
audio0524,"त्यहाँ, उसले नयाँ साथीहरू बनाउन र विभिन्न कार्यशालाहरूमा भाग लिन थाले, जसले उसको ज्ञानलाई अझ बढाएको थियो।"
audio0525,"एक दिन, उसले आफ्ना सहपाठीलाई एक वर्कशपमा बोलाएको थियो, जसमा भविष्यका अवसरहरूको बारेमा चर्चा गरियो।"
audio0526,"दिपेशले सबैभन्दा राम्रो मौका त्यो वर्कशपमा प्राप्त गरेको महसुस गर्यो, जसले उसको लक्ष्यप्रति प्रतिबद्धता अझ दृढ बनायो।"
audio0527,महिना बित्दै गए र दिपेशको मेहनत रंग ल्याउन थाल्यो।
audio0528,"उनले एक प्रतिष्ठित कम्पनीमा इंटर्नशिपको अफर प्राप्त गर्यो, जसले उसको आत्मविश्वासलाई अझ मजबुत बनायो।"
audio0529,एक दिन कम्पनीको प्रमुख कार्यकारी अधिकारीले उसलाई आफ्नो टीममा स्थायी सदस्यको रूपमा नियुक्त गरिदिए।
audio0530,"दिपेशको मेहनत र समर्पणले उसलाई त्यहाँसम्म पुर्याएको थियो, र यसले उसको भविष्यलाई अझ उज्जवल बनायो।"
audio0531,"घर फर्कने बेला, दिपेशले आफ्नो कसमलाई सम्झी, ""श्रम र इमानदारीका साथ मैले जे हासिल गरेको छु।"""
audio0532,यशोदा र रामजीव खुशी थिए र उनका लागि त्यो क्षण अत्यन्तै गर्वको थियो।
audio0533,गाउंमा सबैले दिपेशको सफलता कदर गर्दै उसको जीवनका संघर्षको कथालाई प्रेरणादायी बनायो।
audio0534,"दिपेशको सपना पूरा भएको थियो, र अब उसले आफ्नो ज्ञान र अनुभव अरूसम्म पुर्याउने सोचेको थियो।"
audio0535,"दिपेशको सफलता थाहा पाउने सबैले उसको सराहना गर्न थाले, र गाउँका युवाहरूले उसबाट प्रेरणा लिन थाले।"
audio0536,"दिपेशले कहिल्यै पनि आफ्ना कठिन समय र संघर्षलाई बिर्सेनन्, र त्यहि संघर्षको माध्यमबाट नै उसले आफ्नो लक्ष्य हासिल गरेको थियो।"
audio0537,"केही समयपछि, दिपेशले विश्वविद्यालयमा एक स्पीच दिने अवसर प्राप्त गर्यो, जहाँ उसले आफ्नो यात्रा र संघर्षको बारेमा सबैलाई सुनायो।"
audio0538,"""जीवनमा उतारचढाव आउँछन्,"" उसले भन्यो, ""तर हामीले ती चुनौतीहरूको सामना गरेर अघि बढ्नुपर्छ।"""
audio0539,उसले सबैलाई आफ्नो सपना पुरा गर्नका लागि संघर्ष र धैर्यको महत्त्व बुझायो।
audio0540,"दिपेशको शब्दहरूलाई युवाहरूले गहिरो मनन गरे, र त्यहाँबाट अनेकौँ परिवर्तनका लागि प्रोत्साहन मिल्यो।"
audio0541,"समयसँगै, दिपेशको नाम प्रसिद्ध हुन थाल्यो, र उसले विभिन्न प्रतिष्ठित कम्पनीहरूमा नेतृत्वको पदमा कार्य गर्न थाल्यो।"
audio0542,"एक दिन, एक अन्तर्राष्ट्रिय सम्मेलनमा उसलाई मुख्य वक्ताका रूपमा बोलाइएको थियो।"
audio0543,"दिपेशले त्यो अवसरलाई उत्तम तरिकाले सदुपयोग गर्दै, आफ्नो देशको नाम गर्वका साथ उचो बनायो।"
audio0544,"उसले भन्यो, ""हाम्रो देशमा अपार सम्भावनाहरू छन्, हामीले केवल ती सम्भावनाहरूलाई सही दिशामा प्रयोग गर्नुपर्छ।"""
audio0545,"त्यहाँ उपस्थित व्यक्तिहरूले दिपेशको शब्दहरूको कदर गर्दै, त्यसपछि उसलाई थप अवसरहरू दिन चाहेका थिए।"
audio0546,"दिपेशको सफलता केवल उसको व्यक्तिगत यात्रा मात्र थिएन, यसले अरूलाई पनि जीवनमा सकारात्मक परिवर्तन ल्याउनको लागि प्रेरित गरिरहेको थियो।"
audio0547,"त्यसपछि, दिपेशले आफ्नो अनुभव र ज्ञानलाई युवाहरूमा शिक्षा दिनको लागि एक संस्थान खोल्ने निर्णय लियो।"
audio0548,"""शिक्षा जीवनको सबैभन्दा ठूलो शक्ति हो,"" उसले भने, ""र म यसलाई सबैसम्म पुर्याउन चाहन्छु।"""
audio0549,"उसको संस्थानले हजारौं युवालाई नयाँ अवसर र मार्गदर्शन दियो, र दिपेशको नाम अझ एक महत्वपूर्ण व्यक्तित्वको रूपमा स्थापित भयो।"
audio0550,"समयले दिपेशलाई धेरै सफलता र सम्मान दिए, तर उनले सधैं विनम्र रहन र अरूसँग आफ्नो अनुभव साझा गर्न महत्त्व दिए।"
audio0551,"उसको जीवनको मूल मन्त्र रह्यो, ""सपना देख्नु महत्त्वपूर्ण छ, तर त्यसलाई वास्तविकतामा बदल्नका लागि श्रम र समर्पण आवश्यक छ।"""
audio0552,"यो सन्देश उसले सधैं आफ्नो साथीहरूलाई दिएको थियो, जसले गर्दा उसलाई असंख्य जीवनहरूको परिवर्तनको गवाह बनायो।"
audio0553,"अन्ततः, दिपेशले आफ्नो जीवनलाई नयाँ उचाइमा पुर्याएर, आफूले हत्याएको संघर्षको मूल्यलाई बुझ्दै।"
audio0554,यशोदा र रामजीव पनि गर्वित थिए कि उनीहरूले एक साँचो र समर्पित युवकको पालनपोषण गरेका छन्।
audio0555,"गाउंमा अब सबैले साँचो शिक्षाको मूल्य बुझ्न थालेका थिए, र दिपेशले शिक्षा र मेहनतको माध्यमबाट सबैको जीवनमा सकारात्मक परिवर्तन ल्याएको थियो।"
audio0556,"र यसरी, दिपेशको संघर्ष र विजयको कथा एउटा प्रेरणादायी इतिहासको रूपमा सबैका मनमा सदैव जीवित रहने थियो।"
audio0557,"गाउँको एउटा सानो घरमा, एक समय थियो जब सन्देश र सुनिता सुखी जीवन बाँच्दै थिए।"
audio0558,"तर समयसँगै, सबै कुरा बदलिन थाल्यो, सन्देशको स्वास्थ्य कम्जोर हुन थाल्यो, र उनलाई डाक्टरले लामो समयसम्म आराम गर्न सल्लाह दिए।"
audio0559,"सुनिता त्यस्तो समयमा पनि सन्देशको हिम्मत बनी साथ दिइरहेकी थिइन्, उनले आफ्नो जीवनलाई परिवारको हकमा समर्पित गरेकी थिइन्।"
audio0560,"सन्देशको स्थिति झन् गम्भीर भएपछि, सुनिता र उनका छोराले सन्देशको उपचारका लागि सबै स्रोत प्रयोग गरे"""
audio0561,"यस कठिन परिस्थितिमा, सन्देश र सुनिता सँगै अघि बढ्दै गएका थिए, तर उनीहरूलाई थाहा थिएन कि जीवनका थप चुनौतीहरू अगाडि पर्खिरहेको थियो।"
audio0562,"यो गाउँको मुख्य चिज भनेको नदी थियो, जसको पानीले गाउँको कृषिमा ठूलो सहयोग पुर्याउँथ्यो"
audio0563,"एक वर्षपछि, सन्देशको स्वास्थ्य बिग्रिन थाल्यो र उनले आफूलाई एकपटक ठिक हुने आशा गुमाए।"
audio0564,"उनका छोरा, दीपेश, जसले काठमाडौंमा उच्च शिक्षा हासिल गरेको थियो, गाउँ फर्के।"
audio0565,"दीपेशले भने, ""म यो गाउँको विकासमा केही योगदान दिन चाहन्छु। यदि हामी सबै मिलेर काम गर्यौं भने।"
audio0566,उनीहरूले दीपेशलाई साहस दिए र यो प्रोजेक्टमा सहभागी हुन आमन्त्रित गरे। दीपेशले काम सुरु गरे।
audio0567,"तर, गाउँका केही व्यक्तिहरूले यो प्रोजेक्टलाई अस्वीकार गर्दै विरोध गर्न थाले।"
audio0568,यसले मलाई कसम दिएका ती सबैलाई सम्झाउन मद्दत गरिरहेको छ।
audio0569,"उनीहरूको भनाइ थियो, ""हामीसँग थोरै स्रोत छन्, र सबै कुरा बाहिरबाट आउने चन्दा र सहयोगले काम गर्दैन।"""
audio0570,"दीपेशले भने, ""समस्या भनेको सोचमा हो। हामीले सानोबाट सुरु गर्न सक्छौं। हाम्रो उत्साह र मेहनतले ठूलो परिवर्तन ल्याउन सक्छ।"""
audio0571,"यसरी, दीपेशले आफ्नो योजना लागू गर्न थाल्यो।"
audio0572,"त्यहाँ उनले गाउँको स्वास्थ्य केन्द्रमा सुधार ल्याउने योजना अघि बढाए, जहाँ चिकित्सक र नर्सहरूको अभाव थियो।"
audio0573,"उनले शिक्षाको क्षेत्रमा पनि सुधार ल्याउने योजना बनायो, जहाँ विद्यालयको संरचना र शिक्षकहरूको प्रशिक्षण अभाव थियो।"
audio0574,दीपेशको कडा मेहनत र संघर्षको कारण गाउँमा छिट्टै सुधार देखिन थाल्यो।
audio0575,"एक वर्षपछि, गाउँको स्वास्थ्य केन्द्र नयाँ औजार र चिकित्सा सामग्रीले भरिएको थियो।"
audio0576,विद्यालयमा शिक्षण विधिमा सुधार ल्याइएको थियो र नयाँ पाठ्यक्रम लागू गरिएको थियो।
audio0577,"तर, दीपेशको संघर्ष यत्ति मात्र थिएन।"
audio0578,गाउँका केही मानिसहरूले उसका योजनामा अड्चन पुर्याउँदै थुप्रै समस्याहरू खडा गरे।
audio0579,"उनले भने, ""समस्या भनेको सोचमा होइन, त्यसलाई समाधान गर्नका लागि नयाँ सोच र दृष्टिकोण ल्याउनु पर्छ।"""
audio0580,"यसैक्रममा, दीपेशले थुप्रै कठिनाइहरूको सामना गर्दै, आफूसँग भएका सीमित स्रोतहरूको सदुपयोग गर्दै सफलता हासिल गरे।"
audio0581,"गाउँका मानिसहरूले अब दीपेशको प्रयासको कदर गर्न थाले, र उनले दिएको नयाँ दृष्टिकोण र मार्गदर्शनलाई स्वीकारे।"
audio0582,समय बित्दै गयो र गाउँमा विकासको नयाँ लहर आयो।
audio0583,दीपेशको नेतृत्व र संघर्षको उदाहरणले अरूलाई पनि नयाँ सोच अपनाउन प्रेरित गर्यो।
audio0584,गाउँका सबै मानिसहरूले आफ्नो जीवनको स्तर सुधार्नका लागि आफ्ना प्रयास गर्न थाले।
audio0585,"एक वर्षपछि, दीपेशले आफ्नो गन्तव्य प्राप्त गर्‍यो।"
audio0586,"सन्देश र सुनिता, अब वृद्ध भएका थिए, तर दीपेशको सफलतामा उनीहरू गर्वित थिए।"
audio0587,उनले आफ्नो कसम पूरा गरिसकेका थिए।
audio0588,"यो यात्रा उनका लागि असम्भव जस्तो लाग्थ्यो, तर उनका कसम र संघर्षले नै उनलाई सफल बनाएको थियो।"
audio0589,गाउँका प्रत्येक घरमा दीपेशको संघर्ष र विजयको कथा फैलिइसकेको थियो।
audio0590,यसले अन्य युवाहरूलाई आफ्नो लक्ष्यमा पुग्नका लागि प्रेरणा दियो।
audio0591,"दीपेशले सधैं भनेका थिए, ""हामी सँग पैसा नहुन सक्छ, तर हामीसँग अटल इच्छाशक्ति र समर्पण भनेको शक्ति हो।"""
audio0592,यसै भनाइले गाउँका भविष्यका पीढ़ीलाई मार्गदर्शन गर्ने काम गर्‍यो।
audio0593,दिपेशको जीवनको यात्रा यति ठूलो र प्रेरणादायक बन्यो कि त्यसको प्रभावले समग्र गाउँलाई सकारात्मक दिशामा अघि बढायो।
audio0594,"र त्यसै गरी, सन्देश र सुनिता हर्षित र गर्वित अवस्थामा आफ्नो जीवनको अन्तिम यात्रामा अघि बढे।"
audio0595,"यद्यपि उनका शारीरिक अस्तित्व यहाँ थिएन, तर उनीहरूको शिक्षा र दृष्टिकोण गाउँको र पीढ़ीको जीवनमा सधैं जीवित रहने थियो।"
audio0596,"अब, त्यो गाउँमा दीपेशको नाम गर्वका साथ लिइन्छ, र उसको संघर्ष र सफलता एक प्रेरणा बनिसकेको छ।"
audio0597,गाउँका सबै मानिसहरू एकजुट भएर आफ्नो जीवनमा सकारात्मक परिवर्तन ल्याउने सपना देख्न थालिसकेका थिए।
audio0598,"यद्यपि दीपेश अब काठमाडौंमा बस्दै थियो, उनले कहिल्यै आफ्नो गाउँको र त्यहाँका मानिसहरूको भला गर्न नबिर्सेका थिए।"
audio0599,"उसको यात्रा अझै जारी थियो, र आफ्नो सपना पुरा गर्नका लागि उसले नयाँ चुनौतीहरूको सामना गर्दै भविष्यलाई आशापूर्ण दृष्टिकोणले हेरेको थियो।"
audio0600,"यसरी, दीपेशको कथा एउटा प्रेरणादायक यात्रा बन्न पुगेको थियो।"
audio0601,"एकपटक, एउटा सानो गाउँ थियो, जहाँ जीवन सरल र शान्त थियो। ।"
audio0602,"तर समयसँगै, नदीको पानीको स्तर घट्न थाल्यो। वर्षात कम भएको कारण, पानीको आपूर्ति घट्दै गयो।"
audio0603,"गाउँका प्रमुख, हरिबाबु, निकै चिन्तित थिए। उनी गाउँका सबै सदस्यलाई बैठकमा बोलाए र पानीको समस्या समाधान गर्न केही उपाय खोज्न भने।"
audio0604,"गाउँमा एक युवक थियो, जसको नाम विजय थियो। विजय शिक्षित र बुद्धिमान थियो।"
audio0605,"जब विजयले पानीको समस्या सुने, उसले भन्यो, ""हामीलाई नदीको पानी मात्र होइन, वर्षाको पानीलाई पनि संकलन गरेर उपयोग गर्नुपर्ने छ।"""
audio0606,"विजयको विचार नयाँ र अनौठो थियो, तर अधिकांश मानिसहरूले त्यसलाई अनावश्यक ठाने।"
audio0607,"""तिमीलाई के थाहा छ?"" गाउँका केही मानिसहरूले भन्यो, "" तिमी जस्तो युवा कसरी यसलाई समाधान गर्न सक्छौ?"""
audio0608,"विजयले चुपचाप सबैको कुरा सुने र पछि भने, ""यो सजिलो काम होइन। तर हामी सबै मिलेर प्रयास गर्यौं भने, यो समस्या समाधान गर्न सक्छौं।"""
audio0609,"विजयले सबैलाई विश्वास दिलायो कि वर्षा पानी संकलन गरेर हामीले खेतबारी, घरको प्रयोग, र दैनिक जीवनमा प्रयोग गर्न सक्छौं।"
audio0610,विजयको विचारले केही गाउँलेहरूलाई हिम्मत दियो र उनलाई साथ दिन थाले।
audio0611,उनले सबैसँग मिलेर पानी संकलनका लागि ट्यांकी र जल संचयका उपायहरूको बारेमा योजना बनाउन थाल्यो।
audio0612,"समयसँगै, विजय र उसका साथीहरूले धैर्यपूर्वक काम गरेर गाउँभरि वर्षा पानी संकलनका लागि ट्यांकीहरू निर्माण गरे।"
audio0613,"केही महिना पछि, वर्षाको पानी संकलन गर्ने सिस्टमले काम गर्न थाल्यो, र गाउँमा पानीको समस्या समाधान हुन थाल्यो।"
audio0614,गाउँका किसानहरूले अब वर्षा पानी प्रयोग गर्न थाले र त्यसले उनीहरूको खेतीमा सुधार ल्यायो।
audio0615,"विजयको सोच र परिश्रमको परिणाम रूपमा, गाउँका सबै मानिसहरू खुसी थिए, र हरिबाबु पनि विजयको योगदानको कदर गर्न पुगे।"
audio0616,"""तिमीले हामीलाई हाम्रो समस्याको समाधान दिएको छौ, विजय,"" हरिबाबुले भने। ""अब हामी जीवनमा नयाँ आशा र सम्भावनाका साथ अघि बढ्न सक्छौं।"""
audio0617,"विजयको नाम गाउँभरि फैलियो, र उसको संघर्ष र सफलता प्रेरणादायक बन्यो।"
audio0618,"गाउँलेहरूको जीवनमा पानीको कमी अब समस्या थिएन, र उनीहरूले आफ्नो जीवनको गुणस्तर बढाउनको लागि विजयको सोच र परिश्रमलाई आत्मसात गरे।"
audio0619,समय बित्दै गयो र विजयको विचारले गाउँलाई आत्मनिर्भर बनायो।
audio0620,"विजयलाई थाहा थियो कि समस्या ठूलो भए पनि, एकजुट प्रयास र सकारात्मक सोचले कुनै पनि कठिनाइको समाधान निकाल्न सक्छ।"
audio0621,"जब विजयले यो सफलता हाँसिल गर्यो, उनले भने, ""समाजको परिवर्तन केवल त्यसैले सम्भव छ जब हामीले एक अर्कासँग मिलेर काम गर्छौं।"""
audio0622,"विजयको यात्रा र संघर्षले गाउँको भविष्यलाई नयाँ दिशा दिएको थियो, र अब त्यस गाउँका सबै सदस्यहरूको जीवन राम्रो हुँदै गयो।"
audio0623,"यसरी, विजयको सोच र संघर्षले परिवर्तन ल्याएको थियो, र उसको नाम एक प्रेरणाको रूपमा सदैव स्मरण गरिएको थियो।"
audio0624,"विजय अब ठूलो नेता बनेका थिए, तर उनले सधैं आफ्नो गाउँ र त्यहाँका मानिसहरूको भला गर्न नबिर्सेका थिए।"
audio0625,"उसको जीवनले सबैलाई सिकायो कि कठिनाइहरूको सामना गर्दै, हामीले एकजुट भएर नयाँ सम्भावनाहरूको निर्माण गर्न सक्छौं।"
audio0626,"""हाम्रो सानो प्रयासले ठूलो परिवर्तन ल्याउन सक्छ,"" विजयको यो भनाइले गाउँका प्रत्येक मानिसलाई अझ बढी प्रोत्साहित गर्यो।"
audio0627,"विजयको यात्रा अझै जारी थियो, र उसले नयाँ परियोजनाहरू आरम्भ गर्दै, आफ्नो समाजको उत्थानको लागि काम गर्न थाले।"
audio0628,पानीको समस्याबाट सुरु भएको विजयको संघर्ष अब समाजको परिवर्तन र विकासमा रूपान्तरण भएको थियो।
audio0629,"यसरी, विजयको यात्रा केवल पानी संकलनको उपायसम्म सीमित थिएन, उसले समाजको सम्पूर्ण जीवनशैली र सोचमा परिवर्तन ल्याएको थियो।"
audio0630,"र यसै गरी, विजयको संघर्ष र सोचले सबैलाई प्रेरित गरेर, समाजमा ठूलो परिवर्तन ल्यायो।"
audio0631,"काठमाडौँको एक सानो गल्लीमा, एक चित्रकार थिए जसको नाम अजित थियो। उसले बचपनदेखि नै कला प्रति एक गहिरो आकर्षण महसुस गरेको थियो।"
audio0632,"अजितको घरको अवस्था निकै कठिन थियो, तर उसले कहिल्यै आफ्नो सपना छोडेन।"
audio0633,"अजितको कला जीवनको सबैभन्दा ठूलो आत्मविश्वास थियो, जसले उसलाई दिनरात संघर्ष गर्न प्रेरित गरिरहेको थियो।"
audio0634,उनको पहिलो चित्र प्रदर्शन गर्नको लागि उनलाई स्थान पाउन कठिन थियो। स्थानीय ग्यालरीहरूले उनलाई अस्वीकार गरे।
audio0635,"""कसरी सँगै उभिने म सक्छु?"" उनले आफैंसँग भने।"
audio0636,"तर उनले हार मानेनन्। उसले आफूलाई पुनः उत्साहित गर्दै, सानो स्टूडियो खोले र सोझै काम गर्न थाल्यो।"
audio0637,"उनले आफ्ना चित्रहरू स्टुडियोमा राखेर, साथीहरू र गहिरो सम्पर्कमा रहेका व्यक्तिहरूसँग सल्लाह गर्न थाल्यो।"
audio0638,"समय बित्दै गयो र एक दिन, एक चर्चित कला समीक्षक, सीमा, उसको स्टूडियोमा पुगिन्।"
audio0639,"सीमा त्यहाँ राखिएका चित्रहरू हेरेर अचम्मित भइन्। ""तिमीलाई यहाँ ठूलो भविष्य छ,"" उनले भने।"
audio0640,सीमा उसको कामसँग उत्साहित भइन् र उनले त्यसलाई प्रदर्शनीमा राख्नको लागि सल्लाह दिइन्।
audio0641,"""तिमीले जित्न सक्छौ,"" सीमाले भने, ""तर आत्मविश्वास र कडा परिश्रम भनेको सबैभन्दा महत्वपूर्ण कुरा हो।"""
audio0642,"यति पछि, अजितले आफ्ना चित्रहरू प्रदर्शनीमा राखे र केही समयमै तिनीहरूको प्रशंसा हुन थाल्यो।"
audio0643,गाउँका मानिसहरूले अजितको कला देख्न र उनलाई सराहना गर्न सुरु गरे।
audio0644,"अझ ठूलो कुरा, विदेशबाट केही प्रतिष्ठित कला ग्यालरीहरूले उसको कामको प्रस्ताव गर्न थाल्यो।"
audio0645,अजितको संघर्ष र धैर्यले उसको कला संसारमा ठूलो स्थान बनायो।
audio0646,"त्यसपछि, उसको जीवन परिवर्तन हुन थाल्यो।"
audio0647,"ग्यालरी प्रदर्शनीहरूमा सहभागी हुँदा, उसको काम संसारभरि फैलिन थाल्यो।"
audio0648,"उसले भन्न थाल्यो, ""सपना देख्न महत्त्वपूर्ण छ, तर त्यो सपना पुरा गर्नका लागि संघर्ष र परिश्रम अनिवार्य छ।"""
audio0649,"उसका चित्रले मानिसहरूलाई गहिरो भावनात्मक प्रभाव पार्न थाले, र त्यसले उनीहरूको जीवनमा सकारात्मक परिवर्तन ल्यायो।"
audio0650,"अजितले भने, ""कलाले न केवल मेरो जीवनमा परिवर्तन ल्यायो, तर यसले अरूको जीवनमा पनि नयाँ उचाइ पुर्यायो।"""
audio0651,"एक दिन, एक प्रतिष्ठित कागजले उसको कामको समीक्षा प्रकाशित गर्यो र उसको चित्रहरू विश्वभर प्रसिद्ध हुन थाले।"
audio0652,अजितको यो सफलता यत्तिको ठूलो थियो कि यसले उनलाई एक नयाँ स्तरमा पुर्यायो।
audio0653,"अब, अजितले केवल चित्रहरू बनाउन मात्र होइन, उसले युवा कलाकारहरूलाई मार्गदर्शन गर्न थाल्यो।"
audio0654,"""कलामा अझै धेरै सम्भावनाहरू छन्,"" उसले भने, ""र हरेक कलाकारको कसम यही हो कि उनीहरूले आफ्नो क्षमता पूरा गर्नुपर्छ।"""
audio0655,समय बित्दै गयो र अजितका चित्र विश्वभरि मूल्यवान बने।
audio0656,"""कलामा पनि केही समय र प्रयास लाग्छ,"" अजितले एक साक्षात्कारमा भने, ""तर सबैभन्दा महत्त्वपूर्ण कुरा भनेको विश्वास र संघर्ष हो।"""
audio0657,"जब उसको कामको प्रशंसा गर्नेहरू बढे, उसले भने, ""यो मेरो संघर्षको परिणाम हो।"""
audio0658,"अझ ठूलो कुरा, अजितले आफ्नो कला विद्यालय खोले, जसले भविष्यका युवा कलाकारहरूलाई प्रेरित गर्न थाल्यो।"
audio0659,"उनले भने, ""म विश्वास गर्छु कि हरेक कलाकारको भित्र एक अद्वितीय कला प्रवृत्ति छ।"""
audio0660,"अब, अजितका चित्रहरूको कदर केवल नेपाल मात्र होइन, विदेशका कला प्रेमीहरूले पनि गर्ने गरेका थिए।"
audio0661,"""कलाले मेरो जीवन र संसारको नजर बदलिदियो,"" अजितले एक अन्तर्वार्तामा भने, ""र म यो संसारमा अरूसम्म यो सन्देश पुर्याउन चाहन्छु।"""
audio0662,"अहिले अजितको नाम मात्र एक चित्रकारको रूपमा छैन, उनले आफूलाई कलाकारको नेतृत्वकर्ता र शिक्षकको रूपमा स्थापित गरेका छन्।"
audio0663,"उसका विद्यार्थीहरू, जसले उसको मार्गदर्शनमा कला सिकेका थिए, अब आफ्नो क्षेत्रमा सशक्त बन्न थालेका छन्।"
audio0664,"अजितको कला यात्रा केवल उसलाई मात्र होइन, सबैलाई सन्देश दिइरहेको थियो कि असम्भवलाई सम्भव बनाउने शक्ति केवल आफ्नो संघर्ष र मिहिनेतमा छ।"
audio0665,अजितको यो भनाइ अब सबै कलाकार र कला प्रेमीहरूको मनमा गहिरो रूपमा बसिरहेको थियो।
audio0666,"यसरी, अजितको कला र संघर्षको कथा सबैको लागि प्रेरणा बन्यो।"
audio0667,"काठमाडौँको एक सानो गाउँमा, एक युवती थिइन् जसको नाम रचना थियो। रचनाले बाल्यकालदेखि नै शिक्षा प्रति ठूलो आकर्षण थियो।"
audio0668,"उसका अभिभावक सानो खेतमा काम गर्दै जीवन यापन गर्दथे, र उनीहरूको आम्दानी निकै सीमित थियो।"
audio0669,"रचनाको सपना भनेको राम्रो शिक्षा प्राप्त गरेर आफ्नो परिवारको जीवनस्तर सुधार गर्नु थियो, तर त्यसका लागि उनलाई थुप्रै बाधाहरू पार गर्नु पर्थ्यो।"
audio0670,"""तिमीलाई राम्रो शिक्षा दिन सक्दैनौं, हामीसँग पर्याप्त पैसा छैन,"" उसका बुवाले एक दिन भने।"
audio0671,"तर रचनाले भने, ""म यसलाई प्राप्त गर्नेछु, म कसरि पनि शिक्षा प्राप्त गर्नेछु।"""
audio0672,रचनाले विद्यालय जान्नका लागि छोराबेलामा अन्य साथीहरूसँग लुकेर अध्ययन गर्ने थालिन्।
audio0673,रचनाले आफ्नो पढाइका लागि आवश्यक पुस्तकहरू र सामग्रीहरू ल्याउन निकै संघर्ष गरिन।
audio0674,तर रचनाको मनोबल कहिल्यै कमजोर भएन। उसले सधैं सोचेको थियो कि एक दिन आफूले ठूलो सफलता हासिल गर्नेछ।
audio0675,"एक दिन, विद्यालयमा एउटा महत्वपूर्ण परीक्षा आयो, र रचनाले यसमा राम्रो अंक ल्याएर सबैलाई अचम्मित पारिन्।"
audio0676,"तिमीले धेरै संघर्ष गरेर यो परिणाम प्राप्त गर्यौ, र तिमीलाई अगाडि बढ्नको लागि कुनै पनि कुरा रोक्न सक्दैन।"
audio0677,"त्यसपछि, रचनाले राजधानी काठमाडौँमा पुगेर विश्वविद्यालयमा प्रवेश गर्नका लागि परीक्षा दिने निर्णय गरिन।"
audio0678,"""म यसलाई हासिल गरेर नै देखाउँछु,"" रचनाले आफैंसँग भनिन्।"
audio0679,"काठमाडौँको जीवन र संघर्ष नयाँ थियो, र रचनाले यो शहरमा आफूसँगको समृद्धि र सपना पुरा गर्न संघर्ष गर्न थालिन्।"
audio0680,"उसले काम र अध्ययन सँगसँगै गर्नु पर्थ्यो, र कहिलेकाहीं उनलाई अति थकान महसुस हुन्थ्यो।"
audio0681,"तर रचनाको मनोबल भने निरन्तर बलियो थियो। उनले थाहा पाएको थियो कि यो केवल शुरुवात हो, र यति संघर्ष गर्दा आफूसँगको लक्ष्य साँचो हुनेछ।"
audio0682,"केही वर्षपछि, रचनाले स्नातक पूरा गरिन, र अब उनले आफ्नो शिक्षा पूरा गर्ने सपना साकार भएको देखिन्।"
audio0683,तर यो सक्किएको थिएन। उसले आफ्नो समाजको भलाइको लागि केही गर्न चाहन्थी।
audio0684,"""अब म अरूसँग पनि मेरो अनुभव र शिक्षा साझा गर्न चाहन्छु,"" रचनाले भनिन्।"
audio0685,"त्यसैले रचनाले एउटा गैर-सरकारी संस्थान खोले, जसले गरीब र असहाय बालबालिकाहरूलाई शिक्षा प्रदान गर्न थाल्यो।"
audio0686,"उसको उद्देश्य थियो, ""मैले जस्तो संघर्ष गरेको छु, त्यस्तै अरूको जीवनमा परिवर्तन ल्याउन सहयोग पुर्याउने हो।"""
audio0687,"यद्यपि उसलाई थुप्रै चुनौतीहरूको सामना गर्नुपर्‍यो, उनले सबै समस्यामा विश्वास र संघर्षका साथ समाधान निकाल्न प्रयास गरिन्।"
audio0688,गाउँमा बच्चाहरूको शिक्षा स्तर सुधार्ने काममा रचनाको संस्था सफल हुँदै गयो।
audio0689,"केही वर्ष पछि, रचनाको संस्था राष्ट्रव्यापी मान्यता प्राप्त गर्यो।"
audio0690,"""तिमीले एउटा ठूलो काम गर्यौ,"" एक प्रमुख नेताले भने, ""तिमीले काठमाडौँको यी बच्चाहरूको भविष्य उज्जवल बनायौ।"""
audio0691,"रचनाले भनिन्, ""म एउटा जीवनको लागि संघर्ष गरिरहेको छु, र म चाहन्छु कि अरूको पनि भविष्य उज्जवल होस्।"""
audio0692,"यसरी, रचनाले शिक्षा र समर्पणको माध्यमबाट हजारौं बालबालिकाको जीवनमा परिवर्तन ल्याइन्।"
audio0693,"उसको नाम अहिले सबैका लागि एक प्रेरणा बनिसकेको थियो, र उसको संघर्षको कथा यत्रा बस्न थालेको थियो।"
audio0694,"रचनाको संस्थाले एक समय पछि गरीबी र अशिक्षा विरुद्धको अभियान अघि बढायो, जसले देशका सबै क्षेत्रको सामाजिक परिवर्तनलाई प्रभावित गर्‍यो।"
audio0695,"""हामीले शिक्षा र समर्पणसँगै आफ्नो राष्ट्रको भविष्य उज्जवल बनाउन सक्छौं,"" रचनाको यो भनाइ अब धेरैको मनमा बस्न थाल्यो।"
audio0696,"रचनाको संघर्ष र समर्पणले मात्र आफ्नो जीवनको दिशा परिवर्तन गरेको थिएन, तर उनले अरूको जीवनको दिशा पनि बदलिदिई।"
audio0697,"यसरी, रचनाको यात्रा केवल शिक्षा प्राप्ति सम्म सीमित थिएन, तर यसले समाजका लागि ठूलो योगदान पुर्यायो।"
audio0698,"अब, रचनाको जीवन एउटा प्रष्ट उदाहरण थियो कि यदि कुनै व्यक्ति साँचो मन र परिश्रमका साथ आफ्नो सपना पछ्याउँछ भने।"
audio0699,"""हामी सँग केवल एक जीवन छ,"" रचनाले भनिन्, ""तर यस जीवनलाई ठूलो उद्देश्य र समर्पणको साथ जीउन सकिन्छ।"""
audio0700,रचनाको यो जीवनले हामीलाई सिकाउँछ कि संघर्ष र इच्छाशक्ति कसम र परिश्रमसँगै ठूलो परिणाम ल्याउँछ।
audio0701,"एकपटक, पोखराको एक सानो गाउँमा, एक युवक थिइन् जसको नाम नरेश थियो। नरेशको जीवन सामान्य थियो।"
audio0702,"नरेशको परिवार कृषक थियो, र उसका बुबा–आमाले उनीलाई सानो उमेरदेखि खेतको काममा सहायता पुर्याउन लगाएका थिए।"
audio0703,तर नरेशलाई यो जीवन मन थिएन। उसले सधैं एक नयाँ दिशा खोज्ने सपना देखेको थियो।
audio0704,"""के म यहाँ मात्र जन्मेको छु?"" नरेश आफैंसँग प्रश्न गर्थ्यो। ""के यो नै मेरो जीवनको उद्देश्य हो?"""
audio0705,"एक दिन, नरेशले आफ्नो गाउँ छोडेर काठमाडौँ जान्ने निर्णय गर्यो। उनले सोचे, ""मलाई मेरो जीवनको उद्देश्य पत्ता लगाउन काठमाडौँ जानु पर्छ।"""
audio0706,"काठमाडौँमा आइपुगेपछि, नरेशले थाहा पायो कि यहाँका मानिसहरू अधिक व्यस्त र चिन्तित थिए।"
audio0707,"""के यो जीवन यति मात्र हो?"" नरेशले सोचे, ""तिमीहरूको कुरा सुनेर, म यत्रा बुझ्न सक्दिनँ।"""
audio0708,"काठमाडौँमा, नरेशले एक साधू बाबा भेटे, जसले जीवनको गहिरो अर्थ र उद्देश्यका बारेमा अचम्मका कुरा बताउँथे।"
audio0709,"बाबा शान्त र गहिरो थिए, र उनको बोलीसँग एक विशिष्ट शक्ति थियो। ""जीवनको वास्तविक उद्देश्य बाहिर होइन, हाम्रो भित्री आत्मामा छ,"" बाबा भने।"
audio0710,"नरेशको मनमा नयाँ विचार प्रवेश गर्यो। ""यदि जीवन भित्रको शान्तिमा छ भने, म यो संसारको बाह्य चिजहरूसँग झगडा गर्दै के गर्नु?"""
audio0711,"बाबा भन्छन्, ""तिमीलाई यो आत्मिक यात्रा थाहा पाउनु पर्छ, नरेश। केवल मन र शरीर मात्र होइन, आत्मा पनि महत्त्वपूर्ण छ।"""
audio0712,"बाबा नरेशलाई ध्यान र साधनाका बारेमा शिक्षित गर्न थाले। ""तिमीलाई आफ्नो भीतरका आस्थाहरू र भावना थाहा पाउनुपर्ने छ,"" बाबा भन्नुहुन्थ्यो।"
audio0713,नरेशले पहिले त्यति विश्वास नगरेको ध्यानमा ध्यान लगाउन थाले। त्यसले उनलाई आफ्नो मानसिक अव्यवस्था र असमर्थता महसुस गरायो।
audio0714,"""मैले यो गर्न सक्दिन,"" नरेश सोच्थ्यो, ""यो केरी प्रयास जस्तो लाग्छ!"""
audio0715,"तर बाबा निरन्तर उसलाई प्रोत्साहित गर्थे, ""ध्यान केवल शान्ति होइन, आन्तरिक संघर्षको सामना गर्नको लागि उपकरण हो।"""
audio0716,"केही महिना बित्यो, र नरेशको जीवनमा एक ठूलो परिवर्तन आयो। उसले ध्यान मार्फत आत्मिक शान्ति अनुभव गर्न थाले।"
audio0717,"उसले थाहा पायो कि आफ्नो जीवनमा साँचो शान्ति तब मात्र आउँछ, जब हामीलाई आफूलाई स्वीकार्न र समर्पण गर्न सकिन्छ।"
audio0718,"नरेशले आफ्नो जीवनको उद्देश्य पत्ता लगाए, र अब उसको दृष्टिकोणमा सबै कुरा बदलिएको थियो।"
audio0719,"""अब मैले थाहा पाएको छु,"" नरेशले भन्यो, ""म यो संसारमा केवल अन्य व्यक्तिहरूसँग न्यानो र प्रेम बाँड्नका लागि आएको छु।"""
audio0720,"बाबा जति शान्त र गम्भीर थिए, नरेश अहिले त्यस्तै भइ सकेको थियो।"
audio0721,"नरेशले आफूलाई समर्पण गर्दै, यस यात्रालाई जीवनका अरू व्यक्तिहरूसँग पनि साझा गर्न थाल्यो।"
audio0722,"""ध्यानले तपाईलाई केवल मानसिक शान्ति होइन, बाह्य संघर्षको समाधान पनि ल्याउँछ,"" नरेश भन्न थाले।"
audio0723,गाउँका धेरै मानिसहरूले नरेशका शिक्षा र मार्गदर्शनबाट लाभ लिन थाले।
audio0724,"उसका शिक्षाहरू केवल मानसिक शान्ति प्रदान गर्ने मात्र थिएन, तर उनीहरूले जीवनमा नयाँ दृष्टिकोण ल्याउने काम गरेका थिए।"
audio0725,"नरेशको कसम र संघर्षका कारण, गाउँका मानिसहरूले अझ बढी समर्पण र शान्तिका साथ आफ्नो जीवन बाँच्न थाले।"
audio0726,"""जीवनका समस्याहरूलाई बाहिर होइन, भित्रबाट समाधान गर्नुहोस्,"" नरेशले भने।"
audio0727,"समयसँगै, नरेशका शिक्षाहरू मात्र गाउँमा सीमित रहेनन्, ती देशभर फैलिन थाल्यो।"
audio0728,"नरेशको साधना र यात्रा केवल आफ्नो जीवनको उद्देश्य पत्ता लगाउने यात्रा मात्र होइन, यो समाजको समृद्धि र शान्तिका लागि एक ठूलो योगदान थियो।"
audio0729,"""तिमीहरूले आफ्नो जीवनको उद्देश्यलाई खोज्नु पर्छ, र त्यो उद्देश्य केवल आत्मिक शान्तिमा होइन, सबैको कल्याणमा पनि छ,"" नरेशले भने।"
audio0730,"केही वर्षपछि, नरेशका ध्यान र साधनाका विद्यालयहरू देशका विभिन्न भागहरूमा फैलिन थाल्यो।"
audio0731,"""हामी सबलाई शान्ति र आत्म-समर्पणका लागि एकतामा आउन आवश्यक छ,"" नरेशको यो भनाइ अब सबैका लागि प्रेरणा बनिसकेको थियो।"
audio0732,"उनले जीवनमा थुप्रै कठिनाइहरूको सामना गरेका थिए, तर प्रत्येक संघर्षले उसलाई नयाँ ज्ञान र शक्ति दिएको थियो।"
audio0733,"नरेशलाई थाहा थियो कि जीवनको उद्देश्य केवल सुख र शान्ति प्राप्त गर्नु मात्र होइन, अरूको लागि पनि प्रेम र समर्पण गर्नु हो।"
audio0734,"त्यसैले, नरेश आफ्नो जीवनलाई यी सिद्धान्तहरूमा आधारित गरेर अघि बढ्दै गयो, र यसले उसको समाजको समृद्धि र शान्तिमा ठूलो भूमिका खेल्यो।"
audio0735,आफूसँग र अरूसँगको समर्पण र प्रेममा पनि छ भन्ने कुरा नरेशले अब सबैलाई बुझाइसकेको थियो।
audio0736,"गोविन्दको परिवार एक साधारण कृषक परिवार थियो, र उनीहरू आफ्नो जीविकोपार्जनका लागि खेती गर्थे।"
audio0737,"उनलाई सधैं ठूलो सपना थियो। उनले चाहन्थे कि आफ्नो परिवारको जीवनस्तर उठाउने, र आफूले साँचो शिक्षा प्राप्त गर्न सक्ने।"
audio0738,गोविन्दको इच्छा थिए कि आफूलाई देशका अन्य युवाहरूको जस्तै शिक्षा दिन सक्थे। तर त्यसका लागि उनको परिवारको आर्थिक स्थिति पर्याप्त थिएन।
audio0739,"""मैले तिमीलाई बढी शिक्षित बनाउन सक्दिनँ, हामीसँग पर्याप्त पैसा छैन,"" गोविन्दका बुबाले भने।"
audio0740,"गोविन्दले भने, ""मसँग कुनै विकल्प छैन। म यो संघर्ष जितेर शिक्षा प्राप्त गर्नेछु।"""
audio0741,"""के म केवल यही सानो गाउँमा सीमित रहन्छु? म आफ्नो भविष्यको लागि केहि ठूलो गर्न चाहन्छु,"" उसले भन्यो।"
audio0742,"काठमाडौँमा आएपछि, गोविन्दलाई थाहा भयो कि यहाँको जीवन निकै व्यस्त र चिन्तायुक्त थियो। यहाँका मानिसहरू आफ्नो समस्यामा व्यस्त देखिन्थे।"
audio0743,"""के यो जीवन यति मात्र हो?"" गोविन्दले आफैंसँग प्रश्न गर्यो।"
audio0744,जोले उनको जीवनलाई नयाँ दिशा दिन थाल्यो। गोविन्द एक प्राचीन गुरुद्वारामा पुगेर साधना र ध्यानका बारेमा जानकारी लिइरहेका थिए।
audio0745,"यस गुरुद्वारामा, एउटा साधू बाबा थिए जसको ज्ञान र आन्तरिक शान्तिले सबैलाई प्रभावित पारिरहेको थियो।"
audio0746,"बाबा भने, ""तिमीलाई बाहिरी जीवनका संघर्षहरूमा समर्पण गर्नु पर्छ, र अन्तर्निहित शान्ति र शक्ति प्राप्त गर्नका लागि आफैंलाई खोज्नु पर्छ।"""
audio0747,"गोविन्दले सोचे, ""यदि म बाह्य समस्याहरूमा फस्ने परे भने, म कहिल्यै आफ्नो उद्देश्य प्राप्त गर्न सक्दिनँ। म आफैंको अन्तरदृष्टि र शान्तिमा फर्कन पर्छ।"""
audio0748,"बाबा र गोविन्दका बीच धेरै लामो संवाद भयो, जसले गोविन्दलाई मानसिक र आत्मिक विकासमा मार्गदर्शन गर्यो।"
audio0749,गोविन्दले ध्यान र साधनामा गहिरो रुचि राख्न थाले। यसले उसको जीवनमा नयाँ शान्ति र उर्जाको अनुभव गरायो।
audio0750,"समयसँगै, गोविन्दको जीवनमा परिवर्तन आउन थाल्यो। उसको आत्मविश्वास र मानसिक बल अधिक भयो।"
